S/N, Subject Code ,Subject Title ,Group, Take-home Exam Date, Take-home Exam Time
1,BHMH1021,Personal Financial Planning,101,16-Dec-20,15:30-18:45
2,BHMH1021,Personal Financial Planning,A01,16-Dec-20,15:30-18:45
3,BHMH1021,Personal Financial Planning,A02,16-Dec-20,15:30-18:45
4,BHMH1102,Hotel Operations,A01,20-Dec-20,15:15-18:30
5,BHMH1102,Hotel Operations,A02,20-Dec-20,15:15-18:30
6,BHMH2001,Introduction to Chinese Political and Legal System,101,15-Dec-20,09:30-12:45
7,BHMH2002,Introduction to Economics,101,12-Dec-20,09:30-13:00
8,BHMH2002,Introduction to Economics,102,12-Dec-20,09:30-13:00
9,BHMH2002,Introduction to Economics,103,12-Dec-20,09:30-13:00
10,BHMH2002,Introduction to Economics,A01,12-Dec-20,09:30-13:00
11,BHMH2002,Introduction to Economics,A02,12-Dec-20,09:30-13:00
12,BHMH2002,Introduction to Economics,A03,12-Dec-20,09:30-13:00
13,BHMH2002,Introduction to Economics,A04,12-Dec-20,09:30-13:00
14,BHMH2002,Introduction to Economics,A05,12-Dec-20,09:30-13:00
15,BHMH2002,Introduction to Economics,A06,12-Dec-20,09:45-13:15
16,BHMH2002,Introduction to Economics,A07,12-Dec-20,09:45-13:15
17,BHMH2002,Introduction to Economics,A08,12-Dec-20,09:45-13:15
18,BHMH2002,Introduction to Economics,A09,12-Dec-20,09:45-13:15
19,BHMH2002,Introduction to Economics,A10,12-Dec-20,09:45-13:15
20,BHMH2002,Introduction to Economics,A11,12-Dec-20,09:45-13:15
21,BHMH2002,Introduction to Economics,A12,12-Dec-20,09:45-13:15
22,BHMH2002,Introduction to Economics,A13,12-Dec-20,09:45-13:15
23,BHMH2002,Introduction to Economics,A14,12-Dec-20,09:45-13:15
24,BHMH2003,Introduction to Marketing,101,20-Dec-20,09:45-13:15
25,BHMH2003,Introduction to Marketing,A01,20-Dec-20,09:45-13:15
26,BHMH2003,Introduction to Marketing,A02,20-Dec-20,09:45-13:15
27,BHMH2003,Introduction to Marketing,A03,20-Dec-20,09:45-13:15
28,BHMH2003,Introduction to Marketing,A04,20-Dec-20,09:45-13:15
29,BHMH2003,Introduction to Marketing,A05,20-Dec-20,09:45-13:15
30,BHMH2003,Introduction to Marketing,A06,20-Dec-20,09:45-13:15
31,BHMH2003,Introduction to Marketing,A07,20-Dec-20,09:45-13:15
32,BHMH2003,Introduction to Marketing,A08,20-Dec-20,10:00-13:30
33,BHMH2003,Introduction to Marketing,A09,20-Dec-20,10:00-13:30
34,BHMH2003,Introduction to Marketing,A10,20-Dec-20,10:00-13:30
35,BHMH2003,Introduction to Marketing,A11,20-Dec-20,10:00-13:30
36,BHMH2003,Introduction to Marketing,A12,20-Dec-20,10:00-13:30
37,BHMH2003,Introduction to Marketing,A13,20-Dec-20,10:00-13:30
38,BHMH2003,Introduction to Marketing,A14,20-Dec-20,10:00-13:30
39,BHMH2003,Introduction to Marketing,A15,20-Dec-20,10:00-13:30
40,BHMH2004,Managing Organisations,101,18-Dec-20,09:30-13:00
41,BHMH2004,Managing Organisations,A01,18-Dec-20,09:30-13:00
42,BHMH2004,Managing Organisations,A02,18-Dec-20,09:30-13:00
43,BHMH2004,Managing Organisations,A03,18-Dec-20,09:30-13:00
44,BHMH2004,Managing Organisations,A04,18-Dec-20,09:30-13:00
45,BHMH2004,Managing Organisations,A05,18-Dec-20,09:30-13:00
46,BHMH2004,Managing Organisations,A06,18-Dec-20,09:30-13:00
47,BHMH2004,Managing Organisations,A07,18-Dec-20,09:30-13:00
48,BHMH2004,Managing Organisations,A08,18-Dec-20,09:30-13:00
49,BHMH2004,Managing Organisations,A09,18-Dec-20,09:45-13:15
50,BHMH2004,Managing Organisations,A10,18-Dec-20,09:45-13:15
51,BHMH2004,Managing Organisations,A11,18-Dec-20,09:45-13:15
52,BHMH2004,Managing Organisations,A12,18-Dec-20,09:45-13:15
53,BHMH2004,Managing Organisations,A13,18-Dec-20,09:45-13:15
54,BHMH2004,Managing Organisations,A14,18-Dec-20,09:45-13:15
55,BHMH2004,Managing Organisations,A15,18-Dec-20,09:45-13:15
56,BHMH2004,Managing Organisations,A16,18-Dec-20,09:45-13:15
57,BHMH2004,Managing Organisations,A17,18-Dec-20,09:45-13:15
58,BHMH2004,Managing Organisations,A18,18-Dec-20,09:45-13:15
59,BHMH2005,Organisational Behaviour,A01,22-Dec-20,14:45-18:00
60,BHMH2005,Organisational Behaviour,A02,22-Dec-20,14:45-18:00
61,BHMH2006,Understanding Globalisation,A01,12-Dec-20,15:15-18:30
62,BHMH2053,Chinese Management Wisdom,A01,16-Dec-20,14:30-17:45
63,BHMH2101,Financial Accounting,A01,16-Dec-20,09:45-13:15
64,BHMH2101,Financial Accounting,A02,16-Dec-20,09:45-13:15
65,BHMH2101,Financial Accounting,A03,16-Dec-20,09:45-13:15
66,BHMH2101,Financial Accounting,A04,16-Dec-20,09:45-13:15
67,BHMH2101,Financial Accounting,A05,16-Dec-20,09:45-13:15
68,BHMH2101,Financial Accounting,A06,16-Dec-20,09:45-13:15
69,BHMH2101,Financial Accounting,A07,16-Dec-20,09:45-13:15
70,BHMH2101,Financial Accounting,A08,16-Dec-20,09:45-13:15
71,BHMH2101,Financial Accounting,A09,16-Dec-20,10:00-13:30
72,BHMH2101,Financial Accounting,A10,16-Dec-20,10:00-13:30
73,BHMH2101,Financial Accounting,A11,16-Dec-20,10:00-13:30
74,BHMH2101,Financial Accounting,A12,16-Dec-20,10:00-13:30
75,BHMH2101,Financial Accounting,A13,16-Dec-20,10:00-13:30
76,BHMH2101,Financial Accounting,A14,16-Dec-20,10:00-13:30
77,BHMH2101,Financial Accounting,A15,16-Dec-20,10:00-13:30
78,BHMH2101,Financial Accounting,A16,16-Dec-20,10:00-13:30
79,BHMH2101,Financial Accounting,A17,16-Dec-20,10:00-13:30
80,BHMH2102,Accounting and Tax Practices in China,A01,22-Dec-20,09:30-12:45
81,BHMH2103,Advertising and Promotion,A01,13-Dec-20,14:45-18:00
82,BHMH2103,Advertising and Promotion,A02,13-Dec-20,14:45-18:00
83,BHMH2103,Advertising and Promotion,A03,13-Dec-20,14:45-18:00
84,BHMH2103,Advertising and Promotion,A04,13-Dec-20,14:45-18:00
85,BHMH2103,Advertising and Promotion,A05,13-Dec-20,14:45-18:00
86,BHMH2104,Attractions Management,A01,18-Dec-20,14:45-18:00
87,BHMH2104,Attractions Management,A02,18-Dec-20,14:45-18:00
88,BHMH2110,Consumer Behaviour,A01,27-Dec-20,14:15-17:30
89,BHMH2111,Cost Accounting,A01,19-Dec-20,09:30-12:45
90,BHMH2111,Cost Accounting,A02,19-Dec-20,09:30-12:45
91,BHMH2111,Cost Accounting,A03,19-Dec-20,09:30-12:45
92,BHMH2112,Customer Relationship Management,A01,19-Dec-20,15:00-18:15
93,BHMH2112,Customer Relationship Management,A02,19-Dec-20,15:00-18:15
94,BHMH2112,Customer Relationship Management,A03,19-Dec-20,15:00-18:15
95,BHMH2113,Financial Management,A01,21-Dec-20,14:45-18:00
96,BHMH2113,Financial Management,A02,21-Dec-20,14:45-18:00
97,BHMH2113,Financial Management,A03,21-Dec-20,14:45-18:00
98,BHMH2113,Financial Management,A04,21-Dec-20,14:45-18:00
99,BHMH2115,Food Service Operations,A01,17-Dec-20,15:00-18:30
100,BHMH2116,Front Office Operations,A01,13-Dec-20,09:30-12:45
101,BHMH2116,Front Office Operations,A02,13-Dec-20,09:30-12:45
102,BHMH2116,Front Office Operations,A03,13-Dec-20,09:30-12:45
103,BHMH2116,Front Office Operations,A04,13-Dec-20,09:30-12:45
104,BHMH2116,Front Office Operations,A05,13-Dec-20,09:30-12:45
105,BHMH2117,Fundamentals of Logistics and Supply Chain Management,A01,22-Dec-20,09:30-12:45
106,BHMH2118,Global Transport and Trade Operations,A01,18-Dec-20,09:30-12:45
107,BHMH2119,Housekeeping Operations,A01,20-Dec-20,09:30-12:45
108,BHMH2119,Housekeeping Operations,A02,20-Dec-20,09:30-12:45
109,BHMH2119,Housekeeping Operations,A03,20-Dec-20,09:30-12:45
110,BHMH2119,Housekeeping Operations,A04,20-Dec-20,09:30-12:45
111,BHMH2119,Housekeeping Operations,A05,20-Dec-20,09:30-12:45
112,BHMH2121,Intermediate Accounting,A01,28-Dec-20,09:30-12:45
113,BHMH2122,International Finance,A01,19-Dec-20,15:00-18:15
114,BHMH2123,Introduction to Auditing and Taxation,A01,13-Dec-20,09:30-12:45
115,BHMH2123,Introduction to Auditing and Taxation,A02,13-Dec-20,09:30-12:45
116,BHMH2123,Introduction to Auditing and Taxation,A03,13-Dec-20,09:30-12:45
117,BHMH2127,Introduction to Inventory and Warehousing Management,A01,12-Dec-20,09:30-12:45
118,BHMH2129,Introduction to Macroeconomics,A01,14-Dec-20,15:00-18:15
119,BHMH2129,Introduction to Macroeconomics,A02,14-Dec-20,15:00-18:15
120,BHMH2130,Marketing in China,A01,15-Dec-20,09:30-12:45
121,BHMH2132,Principles of Investments,A01,23-Dec-20,09:30-12:45
122,BHMH2132,Principles of Investments,A02,23-Dec-20,09:30-12:45
123,BHMH2135,Training and Development,A01,23-Dec-20,09:30-12:45
124,BHMH2135,Training and Development,A02,23-Dec-20,09:30-12:45
125,BHMH2135,Training and Development,A03,23-Dec-20,09:30-12:45
126,BHMH2138,The Events Industry,A01,16-Dec-20,09:45-13:00
127,BHMH2138,The Events Industry,A02,16-Dec-20,09:45-13:00
128,BHMH2140,Event Sales and Marketing,A01,22-Dec-20,14:45-18:00
129,BHMH2140,Event Sales and Marketing,A02,22-Dec-20,14:45-18:00
130,BHMH2140,Event Sales and Marketing,A03,22-Dec-20,14:45-18:00
131,BHMH2143,Introduction to Service Management,A01,14-Dec-20,14:45-18:00
132,BHMH2144,Principles of Financial Planning,A01,18-Dec-20,14:45-18:00
133,BHMH2146,Quality Management of Service Operations,A01,15-Dec-20,09:30-12:45
134,BHMH2148,Service Marketing,A01,24-Dec-20,09:30-12:45
135,BHMH2150,Venue Operations,A01,14-Dec-20,15:00-18:15
136,BHMH2150,Venue Operations,A02,14-Dec-20,15:00-18:15
137,BHMH2160,Negotiation Skills,A01,17-Dec-20,14:45-18:00
138,BHMH2160,Negotiation Skills,A02,17-Dec-20,14:45-18:00
139,BHMH2160,Negotiation Skills,A03,17-Dec-20,14:45-18:00
140,BHMH2160,Negotiation Skills,A04,17-Dec-20,14:45-18:00
141,BHMH2160,Negotiation Skills,A05,17-Dec-20,14:45-18:00
142,BHMH2160,Negotiation Skills,A06,17-Dec-20,14:45-18:00
143,BHMH2160,Negotiation Skills,A07,17-Dec-20,14:45-18:00
144,BHMH2160,Negotiation Skills,A08,17-Dec-20,14:45-18:00
145,BHMH2160,Negotiation Skills,A09,17-Dec-20,14:45-18:00
146,BHMH2162,Service Management in Hospitality and Tourism Industry,A01,17-Dec-20,09:30-12:45
147,BHMH2283,Fundamentals of Operations Management,A01,16-Dec-20,14:30-17:45
148,BHMH2316,Introduction to Wines,A01,22-Dec-20,09:30-12:45
149,BHMH2316,Introduction to Wines,A02,22-Dec-20,09:30-12:45
150,BHMH2316,Introduction to Wines,A03,22-Dec-20,09:30-12:45
151,BHMH2316,Introduction to Wines,A04,22-Dec-20,09:30-12:45
152,BHMH2316,Introduction to Wines,A05,22-Dec-20,09:30-12:45
153,BHMH2316,Introduction to Wines,A06,22-Dec-20,09:30-12:45
154,BHMH2318,Corporate Event Operations,A01,19-Dec-20,15:00-18:15
155,BHMH2318,Corporate Event Operations,A02,19-Dec-20,15:00-18:15
156,LCH1011,Elementary French,101,15-Dec-20,09:30-12:45
157,LCH1011,Elementary French,A01,15-Dec-20,09:30-12:45
158,LCH1019,Japanese I,101,24-Dec-20,09:30-11:45
159,LCH1019,Japanese I,102,24-Dec-20,09:30-11:45
160,LCH1019,Japanese I,103,24-Dec-20,09:30-11:45
161,LCH1019,Japanese I,104,24-Dec-20,09:30-11:45
162,LCH1019,Japanese I,105,24-Dec-20,09:30-11:45
163,LCH1019,Japanese I,106,24-Dec-20,09:30-11:45
164,LCH1019,Japanese I,107,24-Dec-20,09:30-11:45
165,LCH1019,Japanese I,108,24-Dec-20,09:30-11:45
166,LCH1019,Japanese I,A01,24-Dec-20,09:30-11:45
167,LCH1019,Japanese I,A02,24-Dec-20,09:30-11:45
168,LCH1019,Japanese I,A03,24-Dec-20,09:30-11:45
169,LCH1019,Japanese I,A04,24-Dec-20,09:30-11:45
170,LCH1019,Japanese I,A05,24-Dec-20,09:30-11:45
171,LCH1019,Japanese I,A06,24-Dec-20,09:30-11:45
172,LCH1019,Japanese I,A07,24-Dec-20,09:30-11:45
173,LCH1019,Japanese I,A08,24-Dec-20,09:30-11:45
174,LCH1019,Japanese I,A09,24-Dec-20,09:30-11:45
175,LCH1019,Japanese I,A10,24-Dec-20,09:30-11:45
176,LCH1019,Japanese I,A11,24-Dec-20,09:30-11:45
177,LCH1024,Putonghua for College Students,101,24-Dec-20,14:45-17:00
178,LCH1024,Putonghua for College Students,102,24-Dec-20,14:45-17:00
179,LCH1024,Putonghua for College Students,A01,24-Dec-20,14:45-17:00
180,LCH1024,Putonghua for College Students,A02,24-Dec-20,14:45-17:00
181,LCH1024,Putonghua for College Students,A03,24-Dec-20,14:45-17:00
182,LCH1024,Putonghua for College Students,A04,24-Dec-20,14:45-17:00
183,LCH1054,Putonghua for Cultural and Communication Purposes,A01,12-Dec-20,10:15-12:30
184,LCH1054,Putonghua for Cultural and Communication Purposes,A02,12-Dec-20,10:15-12:30
185,LCH1054,Putonghua for Cultural and Communication Purposes,A03,12-Dec-20,10:15-12:30
186,LCH1054,Putonghua for Cultural and Communication Purposes,A04,12-Dec-20,10:15-12:30
187,LCH1054,Putonghua for Cultural and Communication Purposes,A05,12-Dec-20,10:15-12:30
188,LCH1054,Putonghua for Cultural and Communication Purposes,A06,12-Dec-20,10:15-12:30
189,LCH1054,Putonghua for Cultural and Communication Purposes,A07,12-Dec-20,10:15-12:30
190,LCH1054,Putonghua for Cultural and Communication Purposes,A08,12-Dec-20,10:15-12:30
191,LCH1054,Putonghua for Cultural and Communication Purposes,A09,12-Dec-20,10:15-12:30
192,LCH1054,Putonghua for Cultural and Communication Purposes,A10,12-Dec-20,10:15-12:30
193,LCH1054,Putonghua for Cultural and Communication Purposes,A11,12-Dec-20,10:15-12:30
194,LCH1054,Putonghua for Cultural and Communication Purposes,A12,12-Dec-20,10:15-12:30
195,LCH1054,Putonghua for Cultural and Communication Purposes,A13,12-Dec-20,10:15-12:30
196,LCH1054,Putonghua for Cultural and Communication Purposes,A14,12-Dec-20,10:15-12:30
197,LCH1054,Putonghua for Cultural and Communication Purposes,A15,12-Dec-20,10:15-12:30
198,LCH1054,Putonghua for Cultural and Communication Purposes,A16,12-Dec-20,10:15-12:30
199,LCH1054,Putonghua for Cultural and Communication Purposes,A17,12-Dec-20,10:15-12:30
200,LCH1054,Putonghua for Cultural and Communication Purposes,A18,12-Dec-20,10:15-12:30
201,LCH1054,Putonghua for Cultural and Communication Purposes,A19,12-Dec-20,10:15-12:30
202,LCH1104,Principles of Corporate Communication I,A01,19-Dec-20,09:45-13:00
203,LCH2007,Business Putonghua,A01,12-Dec-20,10:15-13:30
204,LCH2007,Business Putonghua,A02,12-Dec-20,10:15-13:30
205,LCH2016,Grammar in Context,101,24-Dec-20,14:45-18:00
206,LCH2016,Grammar in Context,A01,24-Dec-20,14:45-18:00
207,LCH2018,Introduction to Chinese Literature,A01,22-Dec-20,09:30-12:45
208,LCH2019,Introduction to Communication Studies,A01,15-Dec-20,09:30-12:45
209,LCH2166,Analysis of English Grammar,A01,22-Dec-20,09:30-12:45
210,LCH2170,Contrastive Language Studies of English and Chinese,A01,15-Dec-20,09:30-12:45
211,LCH2172,Foundations of Linguistics,A01,13-Dec-20,09:45-13:00
212,LCH2174,Foundations of Translation,A01,19-Dec-20,09:45-13:00
213,LCH2174,Foundations of Translation,A02,19-Dec-20,09:45-13:00
214,LCH2176,Language and Society,A01,14-Dec-20,14:45-18:00
215,LCH2176,Language and Society,A02,14-Dec-20,14:45-18:00
216,LCH2177,"Languages, Cultures and Communication",A01,22-Dec-20,09:30-12:45
217,LCH2178,Media Translation,A01,20-Dec-20,14:30-17:45
218,LCH2178,Media Translation,A02,20-Dec-20,14:30-17:45
219,LCH2184,The Structure of Modern Chinese,A01,13-Dec-20,09:45-13:00
220,LCH2184,The Structure of Modern Chinese,A02,13-Dec-20,09:45-13:00
221,LCH2202,Chinese Film and Fiction,101,15-Dec-20,14:45-18:00
222,LCH2202,Chinese Film and Fiction,A01,15-Dec-20,14:45-18:00
223,LCH2203,Classical Chinese Fiction,A01,22-Dec-20,09:30-12:45
224,LCH2205,Culture and Translation,A01,18-Dec-20,14:30-17:45
225,LCH2205,Culture and Translation,A02,18-Dec-20,14:30-17:45
226,LCH2208,Japanese III,A01,18-Dec-20,14:30-17:45
227,LCH2212,Selected Readings of Hong Kong Fiction,A01,22-Dec-20,09:30-12:45
228,LCH2319,Introduction to Modern Chinese Literature,A01,20-Dec-20,14:30-17:45
229,LCH2319,Introduction to Modern Chinese Literature,A02,20-Dec-20,14:30-17:45
230,LCH2325,Selected Readings of Classical and Modern Chinese Prose,A01,19-Dec-20,09:45-13:00
231,SEHH1007,Information Technology for Business,A01,12-Dec-20,15:00-18:15
232,SEHH1007,Information Technology for Business,A02,12-Dec-20,15:00-18:15
233,SEHH1007,Information Technology for Business,A03,12-Dec-20,15:00-18:15
234,SEHH1007,Information Technology for Business,A04,12-Dec-20,15:00-18:15
235,SEHH1007,Information Technology for Business,A05,12-Dec-20,15:00-18:15
236,SEHH1007,Information Technology for Business,A06,12-Dec-20,15:00-18:15
237,SEHH1007,Information Technology for Business,A07,12-Dec-20,15:15-18:30
238,SEHH1007,Information Technology for Business,A08,12-Dec-20,15:15-18:30
239,SEHH1007,Information Technology for Business,A09,12-Dec-20,15:15-18:30
240,SEHH1007,Information Technology for Business,A10,12-Dec-20,15:15-18:30
241,SEHH1007,Information Technology for Business,A11,12-Dec-20,15:15-18:30
242,SEHH1007,Information Technology for Business,A12,12-Dec-20,15:15-18:30
243,SEHH1008,Mathematics and Statistics for College Students,A01,14-Dec-20,09:45-12:00
244,SEHH1008,Mathematics and Statistics for College Students,A02,14-Dec-20,09:45-12:00
245,SEHH1008,Mathematics and Statistics for College Students,A03,14-Dec-20,09:45-12:00
246,SEHH1008,Mathematics and Statistics for College Students,A04,14-Dec-20,09:45-12:00
247,SEHH1008,Mathematics and Statistics for College Students,A05,14-Dec-20,09:45-12:00
248,SEHH1008,Mathematics and Statistics for College Students,A06,14-Dec-20,09:45-12:00
249,SEHH1008,Mathematics and Statistics for College Students,A07,14-Dec-20,09:45-12:00
250,SEHH1008,Mathematics and Statistics for College Students,A08,14-Dec-20,10:00-12:15
251,SEHH1008,Mathematics and Statistics for College Students,A09,14-Dec-20,10:00-12:15
252,SEHH1008,Mathematics and Statistics for College Students,A10,14-Dec-20,10:00-12:15
253,SEHH1008,Mathematics and Statistics for College Students,A11,14-Dec-20,10:00-12:15
254,SEHH1008,Mathematics and Statistics for College Students,A12,14-Dec-20,10:00-12:15
255,SEHH1008,Mathematics and Statistics for College Students,A13,14-Dec-20,10:00-12:15
256,SEHH1008,Mathematics and Statistics for College Students,A14,14-Dec-20,10:00-12:15
257,SEHH1008,Mathematics and Statistics for College Students,A15,14-Dec-20,10:15-12:30
258,SEHH1008,Mathematics and Statistics for College Students,A16,14-Dec-20,10:15-12:30
259,SEHH1008,Mathematics and Statistics for College Students,A17,14-Dec-20,10:15-12:30
260,SEHH1008,Mathematics and Statistics for College Students,A18,14-Dec-20,10:15-12:30
261,SEHH1008,Mathematics and Statistics for College Students,A19,14-Dec-20,10:15-12:30
262,SEHH1008,Mathematics and Statistics for College Students,A20,14-Dec-20,10:15-12:30
263,SEHH1015,Healthy Living and Common Health Problems,101,27-Dec-20,09:30-12:15
264,SEHH1015,Healthy Living and Common Health Problems,A01,27-Dec-20,09:30-12:15
265,SEHH1028,Elementary Statistics,101,16-Dec-20,09:30-11:45
266,SEHH1028,Elementary Statistics,102,16-Dec-20,09:30-11:45
267,SEHH1028,Elementary Statistics,103,16-Dec-20,09:30-11:45
268,SEHH1028,Elementary Statistics,104,16-Dec-20,09:30-11:45
269,SEHH1028,Elementary Statistics,105,16-Dec-20,09:30-11:45
270,SEHH1028,Elementary Statistics,106,16-Dec-20,09:30-11:45
271,SEHH1034,Information and Communication Technology,101,16-Dec-20,14:30-17:45
272,SEHH1034,Information and Communication Technology,102,16-Dec-20,14:30-17:45
273,SEHH1034,Information and Communication Technology,103,16-Dec-20,14:30-17:45
274,SEHH1045,Calculus,101,15-Dec-20,09:30-12:45
275,SEHH1048,Introduction to Linear Algebra,101,20-Dec-20,14:30-17:45
276,SEHH1049,Physics I,101,23-Dec-20,09:30-12:45
277,SEHH1049,Physics I,102,23-Dec-20,09:30-12:45
278,SEHH1050,Introduction to Probability and Statistics,101,12-Dec-20,14:30-17:45
279,SEHH1050,Introduction to Probability and Statistics,102,12-Dec-20,14:30-17:45
280,SEHH1068,Foundation Mathematics,101,16-Dec-20,15:00-18:15
281,SEHH1068,Foundation Mathematics,102,16-Dec-20,15:00-18:15
282,SEHH1068,Foundation Mathematics,103,16-Dec-20,15:00-18:15
283,SEHH1068,Foundation Mathematics,104,16-Dec-20,15:00-18:15
284,SEHH1068,Foundation Mathematics,105,16-Dec-20,15:00-18:15
285,SEHH1068,Foundation Mathematics,106,16-Dec-20,15:00-18:15
286,SEHH1069,Calculus and Linear Algebra,101,17-Dec-20,09:30-12:45
287,SEHH1069,Calculus and Linear Algebra,102,17-Dec-20,09:30-12:45
288,SEHH1069,Calculus and Linear Algebra,103,17-Dec-20,09:30-12:45
289,SEHH1106,Foundation Biology,101,22-Dec-20,09:30-12:15
290,SEHH1107,Foundation Chemistry,101,18-Dec-20,14:30-17:45
291,SEHH1108,Foundation Physics,101,12-Dec-20,14:30-17:45
292,SEHH1108,Foundation Physics,102,12-Dec-20,14:30-17:45
293,SEHH1109,General Biology,101,20-Dec-20,14:30-17:45
294,SEHH1109,General Biology,102,20-Dec-20,14:30-17:45
295,SEHH1110,General Chemistry I,101,19-Dec-20,09:45-13:00
296,SEHH1110,General Chemistry I,102,19-Dec-20,09:45-13:00
297,SEHH2008,Chemistry and Modern Living,101,16-Dec-20,14:30-17:45
298,SEHH2014,Food Hygiene and Nutritional Health,101,21-Dec-20,09:30-12:45
299,SEHH2014,Food Hygiene and Nutritional Health,102,21-Dec-20,09:30-12:45
300,SEHH2014,Food Hygiene and Nutritional Health,A01,21-Dec-20,09:30-12:45
301,SEHH2041,Applied Computing,101,14-Dec-20,14:30-17:45
302,SEHH2041,Applied Computing,102,14-Dec-20,14:30-17:45
303,SEHH2041,Applied Computing,103,14-Dec-20,14:30-17:45
304,SEHH2041,Applied Computing,104,14-Dec-20,14:30-17:45
305,SEHH2041,Applied Computing,105,14-Dec-20,14:45-18:00
306,SEHH2041,Applied Computing,106,14-Dec-20,14:45-18:00
307,SEHH2041,Applied Computing,107,14-Dec-20,14:45-18:00
308,SEHH2041,Applied Computing,108,14-Dec-20,14:45-18:00
309,SEHH2231,General Biochemistry,101,13-Dec-20,14:30-17:30
310,SEHH2233,Human Biology I,101,12-Dec-20,14:30-17:45
311,SEHH2233,Human Biology I,102,12-Dec-20,14:30-17:45
312,SEHH2233,Human Biology I,103,12-Dec-20,14:30-17:45
313,SEHH2235,Introduction to Pathophysiology and Pharmacology,101,18-Dec-20,14:30-17:45
314,SEHH2235,Introduction to Pathophysiology and Pharmacology,102,18-Dec-20,14:30-17:45
315,SEHH2239,Data Structures,101,12-Dec-20,14:30-17:45
316,SEHH2240,Database Systems,101,22-Dec-20,09:45-13:00
317,SEHH2241,Discrete Structures,101,13-Dec-20,09:45-13:00
318,SEHH2241,Discrete Structures,102,13-Dec-20,09:45-13:00
319,SEHH2241,Discrete Structures,103,13-Dec-20,09:45-13:00
320,SEHH2242,Object Oriented Programming,101,19-Dec-20,09:45-13:00
321,SEHH2242,Object Oriented Programming,102,19-Dec-20,09:45-13:00
322,SEHH2242,Object Oriented Programming,103,19-Dec-20,09:45-13:00
323,SEHH2245,Applied Computing for Engineers,101,13-Dec-20,14:30-17:45
324,SEHH2246,Basic Electricity and Electronics,101,21-Dec-20,09:30-12:45
325,SEHH2246,Basic Electricity and Electronics,102,21-Dec-20,09:30-12:45
326,SEHH2249,Engineering Materials,101,18-Dec-20,14:30-17:45
327,SEHH2250,Engineering Mathematics,101,19-Dec-20,09:30-12:45
328,SEHH2250,Engineering Mathematics,102,19-Dec-20,09:30-12:45
329,SEHH2250,Engineering Mathematics,103,19-Dec-20,09:30-12:45
330,SEHH2250,Engineering Mathematics,104,19-Dec-20,09:30-12:45
331,SEHH2251,Engineering Mechanics I,101,13-Dec-20,14:30-17:45
332,SEHH2251,Engineering Mechanics I,102,13-Dec-20,14:30-17:45
333,SEHH2251,Engineering Mechanics I,103,13-Dec-20,14:30-17:45
334,SEHH2254,Cell Biology,101,19-Dec-20,15:00-18:15
335,SEHH2262,Architectural Technology in the Built Environment,101,22-Dec-20,09:45-13:00
336,SEHH2264,Computer Organisation,101,22-Dec-20,09:30-12:45
337,SEHH2265,E-Business,101,23-Dec-20,09:30-12:45
338,SEHH2267,Electrical Services in Buildings,101,13-Dec-20,14:30-17:45
339,SEHH2270,Introduction to Electrical Systems,101,14-Dec-20,14:45-18:00
340,SEHH2271,Introduction to Human-Computer Interaction Methods,101,21-Dec-20,09:30-11:45
341,SEHH2272,Logic Design,101,18-Dec-20,14:30-17:45
342,SEHH2272,Logic Design,102,18-Dec-20,14:30-17:45
343,SEHH2274,Organic Chemistry,101,20-Dec-20,15:15-18:30
344,SEHH2278,Transportation Engineering Fundamentals,101,23-Dec-20,09:30-11:45
345,SEHH2294,Avionics Installation and Maintenance,101,22-Dec-20,09:45-13:00
346,SEHH2297,Flight Control Systems,101,17-Dec-20,09:30-12:45
347,SEHH2299,Introduction to Flight Performance,101,17-Dec-20,09:30-12:45
348,SEHH2313,Regression Analysis,101,18-Dec-20,14:30-17:45
349,SEHH2314,Introduction to Geomatics,101,16-Dec-20,14:30-17:45
350,SEHH2320,Human Physiology,101,17-Dec-20,09:30-12:45
351,SEHH2328,Structural Mechanics Fundamentals,101,14-Dec-20,14:45-18:00
352,SEHH3127,Project Management for Engineers,101,17-Dec-20,09:30-12:45
353,SEHH3129,Thermofluids,101,19-Dec-20,09:45-13:00
354,SEHH3141,Quality Engineering,101,13-Dec-20,14:30-17:45
355,SEHH3164,Introduction to Data Mining,101,14-Dec-20,14:45-18:00
356,SHDH1017,Introduction to Psychology,101,14-Dec-20,09:30-12:45
357,SHDH1017,Introduction to Psychology,102,14-Dec-20,09:30-12:45
358,SHDH1017,Introduction to Psychology,103,14-Dec-20,09:30-12:45
359,SHDH1017,Introduction to Psychology,104,14-Dec-20,09:30-12:45
360,SHDH1017,Introduction to Psychology,105,14-Dec-20,09:30-12:45
361,SHDH1017,Introduction to Psychology,106,14-Dec-20,09:30-12:45
362,SHDH1017,Introduction to Psychology,107,14-Dec-20,09:30-12:45
363,SHDH1017,Introduction to Psychology,108,14-Dec-20,09:30-12:45
364,SHDH1017,Introduction to Psychology,A01,14-Dec-20,09:30-12:45
365,SHDH1025,The History and Culture of Hong Kong,A01,21-Dec-20,09:30-12:45
366,SHDH2024,Logic and Reasoning,A01,22-Dec-20,09:45-13:00
367,SHDH2049,Chinese and Western Cultures,101,15-Dec-20,14:45-17:45
368,SHDH2049,Chinese and Western Cultures,102,15-Dec-20,14:45-17:45
369,SHDH2049,Chinese and Western Cultures,A01,15-Dec-20,14:45-17:45
370,SHDH2049,Chinese and Western Cultures,A02,15-Dec-20,14:45-17:45
371,SHDH2049,Chinese and Western Cultures,A03,15-Dec-20,14:45-17:45
372,SHDH2049,Chinese and Western Cultures,A04,15-Dec-20,14:45-17:45
373,SHDH2190,Human Behaviour and Social Environment,101,20-Dec-20,14:30-17:45
